{"Accels": [1.0, 1.0, 1.0], "AccelBias": [0.0, 0.0, 0.0], "GyroBias": [0.03359762139091245, 0.01136255016957933, -0.01439460533612475], "Mags": [1.94006309148265, 0.6876392787891066, 0.3722976297282436], "MagBias": [-6.518260382073612, -2.3103433531449094, -1.2508525629148197]}