{"Accels": [1.0095749017230016, 1.0127967686938162, 0.9900761241409072], "AccelBias": [0.6901820155634917, 1.2916687997705343, 1.0428223727744241], "GyroBias": [0.03880018596521763, 0.0081627132942132, -0.014984504518724495], "Mags": [1.0, 1.0, 1.0], "MagBias": [-3.3414857802084446, 5.924458769048661, 0.7975186632543958], "Magtransform": [[1.597974035347939, 0.21068236757150052, -0.30570877357293347], [0.21068236757150052, 0.588116873768545, 0.33613507642898904], [-0.30570877357293347, 0.33613507642898915, 1.42818992277119]]}